id;name;vendorCode;price;description
4;zhab;1-312344;12,12;"Lorem  dolor sit amet, um dolore eu fugiat nulla pariatur. Excepteur sint occaecat cupidatat non proident, sunt in culpa qui o"
21;zhabd;12-31234;123,56;"Lorem  dorlor sit amet, um dolore eu fugiat nulla pariatur. Excepteur sint occaecat cupidatat non proident, sunt in culpa qui o"
26;zhabddfrewfr;12-312342;12233,56;TESTTESTTESTTEST
51;df456y45;111-12343;21,43;34egrwghrtnrtghrthertghertgefrtwdgerwsger
588;df456y45;111-12343;21,43;34egrwghrtnrtghrthertghertgefrtwdgerwsger
88;df456y45;111-12343;21,43;34egrwghrtnrtghrthertghertgefrtwdgerwsger
577;df456y45;111-12343;21,43;34egrwghrtnrtghrthertghertgefrtwdgerwsger
59;df456y45;111-12343;21,43;34egrwghrtnrtghrthertghertgefrtwdgerwsger
50;df456y45;111-12343;21,43;34egrwghrtnrtghrthertghertgefrtwdgerwsger
51;df456y45;111-12343;21,433;34egrwghrtnrtghrthertghertgefrtwdgerwsger
52;df456y45;111-12343;21,433;34egrwghrtnrtghrthertghertgefrtwdgerwsger
53;df456y45;111-12343;21,433;34egrwghrtnrtghrthertghertgefrtwdgerwsger
55;df456y45;111-12343;21,433;34egrwghrtnrtghrthertghertgefrtwdgerwsger
57;df456y45;111-12343;21,433;34egrwghrtnrtghrthertghertgefrtwdgerwsger
5555;df456y45;111-12343;21,433;34egrwghrtnrtghrthertghertgefrtwdgerwsger
555;df456y45;111-12343;21,433;34egrwghrtnrtghrthertghertgefrtwdgerwsger
13;df456y45;111-12343;21,433;34egrwghrtnrtghrthertghertgefrtwdgerwsger
18;df456y45;111-12343;21,433;34egrwghrtnrtghrthertghertgefrtwdgerwsger
15;df456y45;111-12343;21,433;34egrwghrtnrtghrthertghertgefrtwdgerwsger
11;df456y45;111-12343;21,433;34egrwghrtnrtghrthertghertgefrtwdgerwsger
4;df456y45;111-12343;21,433;34egrwghrtnrtghrthertghertgefrtwdgerwsger
3;df456y45;111-12343;21,433;34egrwghrtnrtghrthertghertgefrtwdgerwsger
2;df456y45;111-12343;21,433;34egrwghrtnrtghrthertghertgefrtwdgerwsger
8;df456y45;111-12343;21,433;34egrwghrtnrtghrthertghertgefrtwdgerwsger
85445;df456y45;111-123434;21,43;11111111
85445;df456y45;111-123434;21,43;11111111
85445;df456y45;111-123434;21,43;11111111
854456457634;1234TF;111-123434;21,43;adsfEWFGAEWRTFW3R23W
854456457634;1234TF;111-123434;21,43;adsfEWFGAEWRTFW3R23W
854456457634;1234TF;111-123434;21,43;adsfEWFGAEWRTFW3R23W
854456457634;1234TF;111-123434;21,43;adsfEWFGAEWRTFW3R23W
854456457634;1234TF;111-123434;21,43;adsfEWFGAEWRTFW3R23W
854456457634;1234TF;111-123434;21,43;adsfEWFGAEWRTFW3R23W
854456457634;1234TF;111-123434;21,43;adsfEWFGAEWRTFW3R23W
123;df456y45;111-1234;21,43;34
123;df456y45;111-1234;21,43;34
123;df456y45;111-1234;21,43;34
123;df456y45;111-1234;21,43;34
1234556;df456y45;111-1234;21,43;34
1234556;df456y452323;111-1234;21,43;34
1234556;df456y452323;111-1234;21,43;34
